"Energy [MeV]","Nb protons [/MeV]"
1.655000000000000082e-01,8.293547798712217627e+03
1.655000000000000082e-01,8.410496554773340904e+03
1.645000000000000073e-01,8.507160527822161384e+03
1.645000000000000073e-01,8.627060105731065050e+03
1.645000000000000073e-01,8.748590970414237745e+03
1.635000000000000064e-01,8.848054961177358564e+03
1.635000000000000064e-01,8.973328516755304008e+03
1.635000000000000064e-01,9.100229001626468744e+03
1.625000000000000056e-01,9.204053885243803961e+03
1.625000000000000056e-01,9.333859845723223771e+03
1.625000000000000056e-01,9.465288380708634577e+03
1.615000000000000047e-01,9.573403859390697107e+03
1.615000000000000047e-01,9.708525431780677536e+03
1.615000000000000047e-01,9.845265226594488922e+03
1.615000000000000047e-01,9.984432355044049473e+03
1.615000000000000047e-01,1.012521770591744280e+04
1.615000000000000047e-01,1.026843039042658347e+04
1.615000000000000047e-01,1.041326129735955692e+04
1.615000000000000047e-01,1.056051953792827771e+04
1.615000000000000047e-01,1.070939600092082947e+04
1.615000000000000047e-01,1.086069979754913220e+04
1.615000000000000047e-01,1.101362181660126407e+04
1.615000000000000047e-01,1.116978028050106150e+04
1.615000000000000047e-01,1.132674785561277531e+04
1.615000000000000047e-01,1.148695187557215286e+04
1.615000000000000047e-01,1.164877411795536318e+04
1.615000000000000047e-01,1.181383280518623724e+04
1.615000000000000047e-01,1.198050971484094407e+04
1.615000000000000047e-01,1.214961395813139825e+04
1.615000000000000047e-01,1.232114553505760159e+04
1.615000000000000047e-01,1.249510444561955046e+04
1.615000000000000047e-01,1.267149068981725031e+04
1.615000000000000047e-01,1.285030426765069751e+04
1.615000000000000047e-01,1.303154517911989205e+04
1.615000000000000047e-01,1.321521342422483576e+04
1.615000000000000047e-01,1.340211811417744320e+04
1.615000000000000047e-01,1.359145013776579799e+04
1.615000000000000047e-01,1.378320949498990194e+04
1.615000000000000047e-01,1.397739618584975324e+04
1.615000000000000047e-01,1.417481932155727009e+04
1.615000000000000047e-01,1.437547890211245067e+04
1.615000000000000047e-01,1.457775670509146221e+04
1.615000000000000047e-01,1.478408006413005569e+04
1.615000000000000047e-01,1.499283075680439651e+04
1.615000000000000047e-01,1.520400878311448469e+04
1.615000000000000047e-01,1.541842325427223841e+04
1.615000000000000047e-01,1.563688328148957044e+04
1.615000000000000047e-01,1.585696153113073706e+04
1.615000000000000047e-01,1.608108533683148198e+04
1.615000000000000047e-01,1.630844558737989246e+04
1.615000000000000047e-01,1.653823317156405028e+04
1.615000000000000047e-01,1.677206631180779004e+04
1.615000000000000047e-01,1.700832678568727351e+04
1.615000000000000047e-01,1.724863281562634074e+04
1.615000000000000047e-01,1.749217529041307353e+04
1.615000000000000047e-01,1.773895421004746822e+04
1.615000000000000047e-01,1.798977868574144304e+04
1.615000000000000047e-01,1.824303049507116521e+04
1.615000000000000047e-01,1.850113697167238570e+04
1.615000000000000047e-01,1.876247989312127174e+04
1.615000000000000047e-01,1.902705925941781970e+04
1.615000000000000047e-01,1.929568418177394778e+04
1.615000000000000047e-01,1.956754554897773778e+04
1.615000000000000047e-01,1.984426158345302974e+04
1.615000000000000047e-01,2.012421406277597998e+04
1.615000000000000047e-01,2.040821209815851398e+04
1.615000000000000047e-01,2.069625568960062810e+04
1.615000000000000047e-01,2.098834483710232234e+04
1.615000000000000047e-01,2.128528865187551128e+04
1.615000000000000047e-01,2.158546891149636576e+04
1.615000000000000047e-01,2.189050383838871858e+04
1.615000000000000047e-01,2.219877521012873331e+04
1.615000000000000047e-01,2.251271036035216093e+04
1.615000000000000047e-01,2.283069106663516504e+04
1.615000000000000047e-01,2.315271732897775291e+04
1.615000000000000047e-01,2.347959825859183911e+04
1.615000000000000047e-01,2.381052474426550179e+04
1.615000000000000047e-01,2.414711500842257738e+04
1.615000000000000047e-01,2.448775082863923672e+04
1.615000000000000047e-01,2.483324131612739075e+04
1.615000000000000047e-01,2.518439558209895404e+04
1.615000000000000047e-01,2.553959540413010109e+04
1.615000000000000047e-01,2.590045900464465740e+04
1.615000000000000047e-01,2.626617727243071204e+04
1.615000000000000047e-01,2.663675020748826500e+04
1.615000000000000047e-01,2.701298692102922723e+04
1.615000000000000047e-01,2.739407830184168415e+04
1.615000000000000047e-01,2.778083346113755761e+04
1.615000000000000047e-01,2.817244328770492575e+04
1.615000000000000047e-01,2.857052600396762136e+04
1.613999999999999879e-01,2.896567387356396648e+04
1.613999999999999879e-01,2.937497407686546285e+04
1.613999999999999879e-01,2.978993653594385978e+04
1.613999999999999879e-01,3.021056125079915364e+04
1.613999999999999879e-01,3.063684822143134807e+04
1.613999999999999879e-01,3.106879744784043942e+04
1.613999999999999879e-01,3.150802671739125799e+04
1.613999999999999879e-01,3.195210934903656016e+04
1.613999999999999879e-01,3.240347202382358955e+04
1.613999999999999879e-01,3.286130584806992556e+04
1.613999999999999879e-01,3.332480192809316941e+04
1.613999999999999879e-01,3.379557805125813320e+04
1.613999999999999879e-01,3.427201643019999756e+04
1.613999999999999879e-01,3.475654374596599519e+04
1.613999999999999879e-01,3.524673331750890065e+04
1.613999999999999879e-01,3.574420293219352607e+04
1.613999999999999879e-01,3.624895259001987870e+04
1.613999999999999879e-01,3.676098229098796583e+04
1.613999999999999879e-01,3.727948314141535229e+04
1.613999999999999879e-01,3.780607292866688658e+04
1.613999999999999879e-01,3.833994275906014809e+04
1.613999999999999879e-01,3.888109263259512954e+04
1.613999999999999879e-01,3.942952254927184549e+04
1.613999999999999879e-01,3.998604140277269471e+04
1.613999999999999879e-01,4.055064919309769175e+04
1.613999999999999879e-01,4.112334592024682206e+04
1.613999999999999879e-01,4.170332269053767959e+04
1.613999999999999879e-01,4.229219729133509099e+04
1.613999999999999879e-01,4.288916082895664294e+04
1.613999999999999879e-01,4.349502219708475604e+04
1.613999999999999879e-01,4.410897250203700241e+04
1.613999999999999879e-01,4.473182063749580266e+04
1.613999999999999879e-01,4.536275770977874345e+04
1.613999999999999879e-01,4.600340150625065871e+04
1.613999999999999879e-01,4.665294313322912058e+04
1.613999999999999879e-01,4.731138259071414359e+04
1.613999999999999879e-01,4.797952877238813380e+04
1.613999999999999879e-01,4.865657278456867061e+04
1.613999999999999879e-01,4.934332352093818190e+04
1.613999999999999879e-01,5.003978098149666039e+04
1.613999999999999879e-01,5.074675405992652668e+04
1.613999999999999879e-01,5.146262496886293957e+04
1.613999999999999879e-01,5.218901149567074026e+04
1.613999999999999879e-01,5.292591364034992148e+04
1.613999999999999879e-01,5.367333140290048323e+04
1.613999999999999879e-01,5.443045588964001217e+04
1.613999999999999879e-01,5.519890488793334225e+04
1.613999999999999879e-01,5.597867839778046618e+04
1.613999999999999879e-01,5.676896752549897064e+04
1.613999999999999879e-01,5.756977227108885563e+04
1.613999999999999879e-01,5.838271042191495508e+04
1.613999999999999879e-01,5.920697308429485565e+04
1.613999999999999879e-01,6.004256025822854281e+04
1.613999999999999879e-01,6.089028083739844442e+04
1.613999999999999879e-01,6.175013482180456049e+04
1.613999999999999879e-01,6.262131331776447041e+04
1.613999999999999879e-01,6.350543411264300084e+04
1.613999999999999879e-01,6.440168831275774573e+04
1.613999999999999879e-01,6.531088481179111841e+04
1.613999999999999879e-01,6.623302360974310432e+04
1.613999999999999879e-01,6.716810470661372528e+04
1.613999999999999879e-01,6.811612810240297404e+04
1.613999999999999879e-01,6.907790269079324207e+04
1.613999999999999879e-01,7.005261957810215245e+04
1.613999999999999879e-01,7.104189655169451726e+04
1.613999999999999879e-01,7.204492471788790135e+04
1.613999999999999879e-01,7.306170407668234839e+04
1.613999999999999879e-01,7.409304352176023531e+04
1.613999999999999879e-01,7.513894305312156212e+04
1.613999999999999879e-01,7.619940267076635791e+04
1.613999999999999879e-01,7.727523126837701420e+04
1.613999999999999879e-01,7.836642884595354553e+04
1.613999999999999879e-01,7.947299540349593735e+04
1.613999999999999879e-01,8.059412204732178361e+04
1.613999999999999879e-01,8.173061767111349036e+04
1.613999999999999879e-01,8.288733563696555211e+04
1.613999999999999879e-01,8.405214253964174713e+04
1.613999999999999879e-01,8.524121625279037107e+04
1.613999999999999879e-01,8.644646783958727610e+04
1.613999999999999879e-01,8.766789730003246223e+04
1.613999999999999879e-01,8.890550463412592944e+04
1.613999999999999879e-01,9.015928984186767775e+04
1.613999999999999879e-01,9.142925292325769260e+04
1.613999999999999879e-01,9.272348281512015092e+04
1.613999999999999879e-01,9.403389058063087577e+04
1.613999999999999879e-01,9.536047621978988172e+04
1.613999999999999879e-01,9.670323973259716877e+04
1.613999999999999879e-01,9.807027005587687017e+04
1.613999999999999879e-01,9.945347825280486722e+04
1.613999999999999879e-01,1.008609532602052786e+05
1.613999999999999879e-01,1.022846061412539711e+05
1.613999999999999879e-01,1.037244368959509447e+05
1.613999999999999879e-01,1.051885344611203327e+05
1.613999999999999879e-01,1.066768988367621496e+05
1.613999999999999879e-01,1.081814410860522330e+05
1.613999999999999879e-01,1.097102501458147599e+05
1.613999999999999879e-01,1.112552370792255533e+05
1.613999999999999879e-01,1.128244908231087611e+05
1.622999999999999998e-01,1.146950064034414681e+05
1.622999999999999998e-01,1.163167102762366849e+05
1.622999999999999998e-01,1.179546311877598491e+05
1.622999999999999998e-01,1.196249861767389229e+05
1.622999999999999998e-01,1.213115582044459443e+05
1.622999999999999998e-01,1.230224557902449014e+05
1.622999999999999998e-01,1.247576789341357799e+05
1.622999999999999998e-01,1.265253361554825533e+05
1.622999999999999998e-01,1.283092104155572888e+05
1.622999999999999998e-01,1.301174102337239601e+05
1.622999999999999998e-01,1.319580441293465265e+05
1.622999999999999998e-01,1.338230035830610141e+05
1.622999999999999998e-01,1.357122885948674520e+05
1.622999999999999998e-01,1.376258991647657822e+05
1.622999999999999998e-01,1.395638352927560627e+05
1.622999999999999998e-01,1.415342054982022673e+05
1.622999999999999998e-01,1.435370097811043379e+05
1.622999999999999998e-01,1.455641396220983588e+05
1.622999999999999998e-01,1.476155950211843010e+05
1.622999999999999998e-01,1.496994844977261673e+05
1.622999999999999998e-01,1.518158080517238996e+05
1.622999999999999998e-01,1.539564571638135822e+05
1.622999999999999998e-01,1.561295403533591889e+05
1.622999999999999998e-01,1.583350576203606615e+05
1.622999999999999998e-01,1.605730089648180583e+05
1.622999999999999998e-01,1.628352858673673763e+05
1.622999999999999998e-01,1.651381053667365923e+05
1.622999999999999998e-01,1.674652504241977294e+05
1.622999999999999998e-01,1.698329380784787354e+05
1.622999999999999998e-01,1.722249512908516626e+05
1.622999999999999998e-01,1.746575071000444877e+05
1.622999999999999998e-01,1.771224969866932079e+05
1.622999999999999998e-01,1.796280294701618259e+05
1.622999999999999998e-01,1.821578875117223652e+05
1.622999999999999998e-01,1.847282881501027732e+05
1.622999999999999998e-01,1.873392313853030500e+05
1.622999999999999998e-01,1.899826086979592510e+05
1.622999999999999998e-01,1.926665286074353498e+05
1.622999999999999998e-01,1.953828825943673146e+05
1.622999999999999998e-01,1.981397791781191772e+05
1.622999999999999998e-01,2.009372183586909377e+05
1.622999999999999998e-01,2.037752001360825379e+05
1.622999999999999998e-01,2.066537245102940651e+05
1.622999999999999998e-01,2.095727914813254320e+05
1.622999999999999998e-01,2.125324010491766967e+05
1.622999999999999998e-01,2.155325532138478593e+05
1.622999999999999998e-01,2.185732479753388616e+05
1.622999999999999998e-01,2.216544853336497908e+05
1.633999999999999897e-01,2.254482907991898246e+05
1.633999999999999897e-01,2.286362184376460209e+05
1.633999999999999897e-01,2.318648084184294567e+05
1.633999999999999897e-01,2.351340607415401319e+05
1.633999999999999897e-01,2.384521078754435002e+05
1.633999999999999897e-01,2.418189498201395909e+05
1.633999999999999897e-01,2.452345865756283456e+05
1.633999999999999897e-01,2.486990181419098226e+05
1.633999999999999897e-01,2.522041120505185390e+05
1.633999999999999897e-01,2.557661332383854024e+05
1.633999999999999897e-01,2.593769492370449589e+05
1.633999999999999897e-01,2.630365600464972085e+05
1.633999999999999897e-01,2.667530981352076051e+05
1.633999999999999897e-01,2.705184310347107239e+05
1.633999999999999897e-01,2.743325587450065068e+05
1.633999999999999897e-01,2.782117462030259194e+05
1.633999999999999897e-01,2.821397284718379960e+05
1.633999999999999897e-01,2.861165055514427950e+05
1.633999999999999897e-01,2.901583423787711654e+05
1.633999999999999897e-01,2.942571064853576827e+05
1.633999999999999897e-01,2.984046654027369223e+05
1.633999999999999897e-01,3.026172840678397333e+05
1.633999999999999897e-01,3.068949624806661159e+05
1.633999999999999897e-01,3.112214357042852207e+05
1.633999999999999897e-01,3.156211011440933798e+05
1.633999999999999897e-01,3.200695613946942613e+05
1.633999999999999897e-01,3.245912138614841388e+05
1.633999999999999897e-01,3.291697936075322214e+05
1.633999999999999897e-01,3.338215655697693001e+05
1.633999999999999897e-01,3.385302648112645256e+05
1.633999999999999897e-01,3.433121562689488055e+05
1.633999999999999897e-01,3.481591074743566569e+05
1.633999999999999897e-01,3.530711184274881380e+05
1.633999999999999897e-01,3.580563215968086733e+05
1.633999999999999897e-01,3.631147169823182048e+05
1.633999999999999897e-01,3.682381721155513660e+05
1.633999999999999897e-01,3.734348194649735815e+05
1.633999999999999897e-01,3.787046590305848513e+05
1.633999999999999897e-01,3.840558232808506000e+05
1.633999999999999897e-01,3.894720472788399202e+05
1.633999999999999897e-01,3.949695959614837775e+05
1.633999999999999897e-01,4.005484693287820555e+05
1.633999999999999897e-01,4.062005349122694461e+05
1.633999999999999897e-01,4.119339251804113155e+05
1.633999999999999897e-01,4.177567726016731467e+05
1.633999999999999897e-01,4.236528122391239740e+05
1.633999999999999897e-01,4.296301765612293384e+05
1.633999999999999897e-01,4.356969980364546063e+05
1.633999999999999897e-01,4.418451441963344114e+05
1.633999999999999897e-01,4.480827475093341200e+05
1.633999999999999897e-01,4.544098079754538485e+05
1.633999999999999897e-01,4.608263255946934223e+05
1.633999999999999897e-01,4.673323003670530161e+05
1.633999999999999897e-01,4.739277322925325134e+05
1.633999999999999897e-01,4.806126213711319724e+05
1.633999999999999897e-01,4.874032325397822424e+05
1.633999999999999897e-01,4.942833008615525323e+05
1.633999999999999897e-01,5.012609588049081503e+05
1.633999999999999897e-01,5.083362063698491547e+05
1.633999999999999897e-01,5.155090435563756037e+05
1.633999999999999897e-01,5.227876028329528635e+05
1.633999999999999897e-01,5.301718841995809926e+05
1.633999999999999897e-01,5.376537551877944497e+05
1.633999999999999897e-01,5.452413482660588343e+05
1.633999999999999897e-01,5.529427959028393961e+05
1.633999999999999897e-01,5.607418331612055190e+05
1.643999999999999906e-01,5.701862477528452873e+05
1.643999999999999906e-01,5.782344969703220995e+05
1.655000000000000082e-01,5.881213912324147532e+05
1.655000000000000082e-01,5.964222994423476048e+05
1.655000000000000082e-01,6.048377029379346641e+05
1.655000000000000082e-01,6.133839581885552034e+05
1.655000000000000082e-01,6.220365304901403142e+05
1.655000000000000082e-01,6.308199545467589051e+05
1.655000000000000082e-01,6.397260521237213397e+05
1.655000000000000082e-01,6.487548232210276183e+05
1.655000000000000082e-01,6.579144460733673768e+05
1.665000000000000091e-01,6.689845865329571534e+05
1.665000000000000091e-01,6.784228427762852516e+05
1.665000000000000091e-01,6.880004998503141105e+05
1.665000000000000091e-01,6.977175577550436137e+05
1.665000000000000091e-01,7.075658164416092914e+05
1.665000000000000091e-01,7.175534759588756133e+05
1.665000000000000091e-01,7.276805363068428123e+05
1.665000000000000091e-01,7.379551975343753584e+05
1.665000000000000091e-01,7.483692595926087815e+05
1.665000000000000091e-01,7.589391225792724872e+05
1.665000000000000091e-01,7.696483863966368372e+05
1.665000000000000091e-01,7.805134511424315860e+05
1.665000000000000091e-01,7.915343168166565010e+05
1.665000000000000091e-01,8.027027833704469958e+05
1.665000000000000091e-01,8.140352509015324758e+05
1.665000000000000091e-01,8.254989192144540139e+05
1.675000000000000100e-01,8.393713556389242876e+05
1.675000000000000100e-01,8.512930763331787894e+05
1.675000000000000100e-01,8.632970157908418914e+05
1.675000000000000100e-01,8.754653927753224270e+05
1.675000000000000100e-01,8.877982072866201634e+05
1.675000000000000100e-01,9.003776780881438171e+05
1.675000000000000100e-01,9.130393676530761877e+05
1.675000000000000100e-01,9.259477135082344757e+05
1.675000000000000100e-01,9.390204968902100809e+05
1.675000000000000100e-01,9.522577177990030032e+05
1.675000000000000100e-01,9.657415949980218429e+05
1.675000000000000100e-01,9.793899097238579998e+05
1.675000000000000100e-01,9.932026619765114738e+05
1.675000000000000100e-01,1.007179851755982265e+06
1.675000000000000100e-01,1.021403697825678973e+06
1.675000000000000100e-01,1.035874200185601716e+06
1.675000000000000100e-01,1.050426921308933059e+06
1.685999999999999999e-01,1.068421504063057015e+06
1.685999999999999999e-01,1.083511504467744846e+06
1.685999999999999999e-01,1.098766422909642337e+06
1.685999999999999999e-01,1.114268718407354318e+06
1.685999999999999999e-01,1.130018390960881021e+06
1.685999999999999999e-01,1.146015440570221981e+06
1.685999999999999999e-01,1.162177408216772834e+06
1.685999999999999999e-01,1.178586752919138176e+06
1.685999999999999999e-01,1.195161015658713412e+06
1.685999999999999999e-01,1.212065114472707966e+06
1.685999999999999999e-01,1.229216590342517011e+06
1.685999999999999999e-01,1.246532984249535715e+06
1.685999999999999999e-01,1.264096755212368909e+06
1.685999999999999999e-01,1.281990362249621656e+06
1.685999999999999999e-01,1.300048887324084062e+06
1.685999999999999999e-01,1.318437248472966021e+06
1.696000000000000008e-01,1.340616811618735548e+06
1.696000000000000008e-01,1.359467297776556807e+06
1.696000000000000008e-01,1.378731171788716223e+06
1.696000000000000008e-01,1.398160400942610810e+06
1.696000000000000008e-01,1.417920340379976202e+06
1.696000000000000008e-01,1.437928312529944349e+06
1.696000000000000008e-01,1.458184317392515484e+06
1.696000000000000008e-01,1.478771032538556959e+06
1.696000000000000008e-01,1.499688457968069240e+06
1.696000000000000008e-01,1.520853916110184276e+06
1.696000000000000008e-01,1.542267406964902300e+06
1.696000000000000008e-01,1.564094285673958482e+06
1.696000000000000008e-01,1.586169197095617652e+06
1.696000000000000008e-01,1.608574818800747395e+06
1.696000000000000008e-01,1.631228473218479892e+06
1.696000000000000008e-01,1.654295515490550548e+06
1.696000000000000008e-01,1.677610590475224191e+06
1.706999999999999906e-01,1.706289278379516210e+06
1.706999999999999906e-01,1.730335536068798974e+06
1.706999999999999906e-01,1.754796384407897014e+06
1.706999999999999906e-01,1.779588905266846996e+06
1.706999999999999906e-01,1.804713098645649385e+06
1.706999999999999906e-01,1.830168964544303715e+06
1.706999999999999906e-01,1.855956502962810453e+06
1.706999999999999906e-01,1.882158632031132234e+06
1.706999999999999906e-01,1.908775351749269292e+06
1.706999999999999906e-01,1.935723743987258524e+06
1.706999999999999906e-01,1.963003808745099930e+06
1.706999999999999906e-01,1.990698464152756613e+06
1.706999999999999906e-01,2.018807710210228572e+06
1.706999999999999906e-01,2.047331546917515574e+06
1.706999999999999906e-01,2.076269974274617853e+06
1.706999999999999906e-01,2.105540074151572306e+06
1.716999999999999915e-01,2.140942923617934808e+06
1.716999999999999915e-01,2.171121639106957708e+06
1.716999999999999915e-01,2.201799176339600701e+06
1.716999999999999915e-01,2.232892398358593695e+06
1.716999999999999915e-01,2.264401305163936689e+06
1.716999999999999915e-01,2.296325896755630150e+06
1.716999999999999915e-01,2.328749310090943705e+06
1.716999999999999915e-01,2.361671545169877354e+06
1.716999999999999915e-01,2.395009465035161469e+06
1.716999999999999915e-01,2.428763069686795585e+06
1.716999999999999915e-01,2.463098633039319888e+06
1.716999999999999915e-01,2.497849881178194191e+06
1.716999999999999915e-01,2.533099951060689054e+06
1.716999999999999915e-01,2.568848842686804011e+06
1.716999999999999915e-01,2.605096556056539062e+06
1.716999999999999915e-01,2.641926228127164301e+06
1.716999999999999915e-01,2.679171584984140005e+06
1.728000000000000091e-01,2.724870455860257149e+06
1.728000000000000091e-01,2.763391007575548720e+06
1.728000000000000091e-01,2.802328448378667701e+06
1.728000000000000091e-01,2.841932911722311750e+06
1.728000000000000091e-01,2.882037641971348785e+06
1.728000000000000091e-01,2.922726016943344846e+06
1.728000000000000091e-01,2.963998036638299935e+06
1.728000000000000091e-01,3.005853701056214049e+06
1.728000000000000091e-01,3.048293010197087191e+06
1.728000000000000091e-01,3.091315964060918894e+06
1.728000000000000091e-01,3.134922562647710089e+06
1.728000000000000091e-01,3.179196183775025420e+06
1.728000000000000091e-01,3.224053449625299778e+06
1.728000000000000091e-01,3.269577738016098738e+06
1.728000000000000091e-01,3.315769048947422300e+06
1.728000000000000091e-01,3.362544004601704422e+06
1.738999999999999990e-01,3.419843095759358257e+06
1.738999999999999990e-01,3.468174782133970875e+06
1.738999999999999990e-01,3.517091800350490957e+06
1.738999999999999990e-01,3.566761388078033924e+06
1.738999999999999990e-01,3.617099926482042298e+06
1.738999999999999990e-01,3.668191034397074021e+06
1.738999999999999990e-01,3.719951092988571152e+06
1.738999999999999990e-01,3.772463721091091167e+06
1.738999999999999990e-01,3.825728918704634998e+06
1.738999999999999990e-01,3.879746685829202179e+06
1.738999999999999990e-01,3.934517022464792710e+06
1.738999999999999990e-01,3.990039928611406591e+06
1.738999999999999990e-01,4.046315404269043822e+06
1.738999999999999990e-01,4.103510687106820755e+06
1.738999999999999990e-01,4.161374920621063095e+06
1.738999999999999990e-01,4.220158961315444671e+06
1.738999999999999990e-01,4.279695571520850062e+06
1.738999999999999990e-01,4.340151988906394690e+06
1.738999999999999990e-01,4.401360975802963600e+06
1.738999999999999990e-01,4.463573388714229688e+06
1.738999999999999990e-01,4.526538371136519127e+06
1.738999999999999990e-01,4.590423160738947801e+06
1.738999999999999990e-01,4.655227757521516643e+06
1.738999999999999990e-01,4.720952161484225653e+06
1.738999999999999990e-01,4.787596372627073899e+06
1.738999999999999990e-01,4.855160390950061381e+06
1.738999999999999990e-01,4.923727835287747905e+06
1.738999999999999990e-01,4.993215086805572733e+06
1.738999999999999990e-01,5.063705764338096604e+06
1.738999999999999990e-01,5.135199867885317653e+06
1.738999999999999990e-01,5.207697397447236814e+06
1.738999999999999990e-01,5.281198353023853153e+06
1.738999999999999990e-01,5.355786353449726477e+06
1.738999999999999990e-01,5.431377779890296981e+06
1.738999999999999990e-01,5.508056251180123538e+06
1.738999999999999990e-01,5.585821767319206148e+06
1.738999999999999990e-01,5.664674328307544813e+06
1.738999999999999990e-01,5.744613934145139530e+06
1.738999999999999990e-01,5.825724203666548245e+06
1.738999999999999990e-01,5.907921518037213013e+06
1.738999999999999990e-01,5.991373114926250651e+06
1.738999999999999990e-01,6.075911756664543413e+06
1.738999999999999990e-01,6.161704680921209045e+06
1.738000000000000100e-01,6.247030448456834070e+06
1.738000000000000100e-01,6.335225196384277195e+06
1.738000000000000100e-01,6.424673898073721677e+06
1.738000000000000100e-01,6.515376553525168449e+06
1.738000000000000100e-01,6.607333162738615647e+06
1.738000000000000100e-01,6.700627322631532326e+06
1.738000000000000100e-01,6.795175436286449432e+06
1.738000000000000100e-01,6.891144697538302280e+06
1.738000000000000100e-01,6.988367912552156486e+06
1.738000000000000100e-01,7.087012275162945502e+06
1.738000000000000100e-01,7.187077785370670259e+06
1.738000000000000100e-01,7.288564443175329827e+06
1.738000000000000100e-01,7.391472248576924205e+06
1.738000000000000100e-01,7.495801201575454324e+06
1.738000000000000100e-01,7.601634899088385515e+06
1.738000000000000100e-01,7.708889744198252447e+06
1.738000000000000100e-01,7.817732930739987642e+06
1.738000000000000100e-01,7.928080861796124838e+06
1.738000000000000100e-01,8.040017134284130298e+06
1.738000000000000100e-01,8.153541748204004951e+06
1.738000000000000100e-01,8.268571106638281606e+06
1.738000000000000100e-01,8.385606791091760620e+06
1.738000000000000100e-01,8.503478444719906896e+06
1.738000000000000100e-01,8.623858005872055888e+06
1.738000000000000100e-01,8.745073536198874936e+06
1.738000000000000100e-01,8.868796974049694836e+06
1.738000000000000100e-01,8.994192350249851122e+06
1.738000000000000100e-01,9.121259664799341932e+06
1.738000000000000100e-01,9.249998917698169127e+06
1.738000000000000100e-01,9.380410108946330845e+06
1.738000000000000100e-01,9.512493238543828949e+06
1.738000000000000100e-01,9.647084275665329769e+06
1.738000000000000100e-01,9.783347251136165112e+06
1.738000000000000100e-01,9.921282164956336841e+06
1.738000000000000100e-01,1.006172498630051129e+07
1.738000000000000100e-01,1.020383974599402212e+07
1.748999999999999999e-01,1.037747708088936470e+07
1.748999999999999999e-01,1.052419371436453424e+07
1.748999999999999999e-01,1.067258710936513357e+07
1.748999999999999999e-01,1.082349564665387943e+07
1.748999999999999999e-01,1.097608094546805322e+07
1.748999999999999999e-01,1.113118138657037541e+07
1.748999999999999999e-01,1.128795858919812739e+07
1.748999999999999999e-01,1.144725093411402404e+07
1.748999999999999999e-01,1.160905842131806724e+07
1.748999999999999999e-01,1.177254267004754208e+07
1.748999999999999999e-01,1.193938044182787649e+07
1.748999999999999999e-01,1.210789497513364255e+07
1.748999999999999999e-01,1.227808626996483654e+07
1.748999999999999999e-01,1.245163108784689382e+07
1.748999999999999999e-01,1.262769104801709764e+07
1.748999999999999999e-01,1.280542776971272938e+07
1.748999999999999999e-01,1.298651801445922442e+07
1.748999999999999999e-01,1.317012340149386413e+07
1.748999999999999999e-01,1.335624393081664853e+07
1.748999999999999999e-01,1.354404122166486457e+07
1.748999999999999999e-01,1.373519203556394204e+07
1.748999999999999999e-01,1.392969637251388095e+07
1.748999999999999999e-01,1.412587747098924778e+07
1.748999999999999999e-01,1.432541209251547791e+07
1.748999999999999999e-01,1.452746185632985272e+07
1.748999999999999999e-01,1.473286514319508895e+07
1.748999999999999999e-01,1.494078357234847173e+07
1.748999999999999999e-01,1.515205552455271408e+07
1.748999999999999999e-01,1.536584261904510297e+07
1.748999999999999999e-01,1.558214485582563840e+07
1.748999999999999999e-01,1.580263899641974829e+07
1.748999999999999999e-01,1.602564827930200472e+07
1.748999999999999999e-01,1.625201108523512259e+07
1.748999999999999999e-01,1.648088903345638700e+07
1.748999999999999999e-01,1.671395888549122587e+07
1.748999999999999999e-01,1.694954387981421128e+07
1.748999999999999999e-01,1.718932077795077115e+07
1.748999999999999999e-01,1.743161281837547943e+07
1.748999999999999999e-01,1.767809676261376217e+07
1.748999999999999999e-01,1.792709584914019331e+07
1.748999999999999999e-01,1.818028683948019892e+07
1.748999999999999999e-01,1.843683135287106410e+07
1.748999999999999999e-01,1.869756777007550746e+07
1.748999999999999999e-01,1.896165771033081040e+07
1.748999999999999999e-01,1.922910117363697663e+07
1.748999999999999999e-01,1.950073654075671732e+07
1.748999999999999999e-01,1.977572543092731759e+07
1.748999999999999999e-01,2.005490622491149604e+07
1.748999999999999999e-01,2.033827892270925269e+07
1.748999999999999999e-01,2.062500514355786890e+07
1.748999999999999999e-01,2.091592326822005957e+07
1.748999999999999999e-01,2.121187167745854333e+07
1.748999999999999999e-01,2.151117360974788666e+07
1.748999999999999999e-01,2.181466744585080817e+07
1.748999999999999999e-01,2.212235318576730415e+07
1.748999999999999999e-01,2.243506921026009321e+07
1.748999999999999999e-01,2.275113875780374184e+07
1.748999999999999999e-01,2.307307697068639845e+07
1.748999999999999999e-01,2.339836870661991462e+07
1.748999999999999999e-01,2.372869072712972388e+07
1.748999999999999999e-01,2.406404303221582249e+07
1.748999999999999999e-01,2.440358724111549929e+07
1.748999999999999999e-01,2.474816173459146544e+07
1.748999999999999999e-01,2.509692813188100979e+07
1.748999999999999999e-01,2.545156319450956210e+07
1.748999999999999999e-01,2.581122854171440378e+07
1.748999999999999999e-01,2.617508579273282364e+07
1.748999999999999999e-01,2.654481170909024775e+07
1.748999999999999999e-01,2.691956791002396494e+07
1.748999999999999999e-01,2.729935439553397149e+07
1.748999999999999999e-01,2.768500954638298973e+07
1.748999999999999999e-01,2.807569498180829361e+07
1.748999999999999999e-01,2.847224908257260919e+07
1.748999999999999999e-01,2.887383346791321412e+07
1.748999999999999999e-01,2.928128651859282330e+07
1.748999999999999999e-01,2.969460823461144418e+07
1.748999999999999999e-01,3.011379861596906930e+07
1.748999999999999999e-01,3.053885766266569868e+07
1.748999999999999999e-01,3.097062375546405464e+07
1.748999999999999999e-01,3.140742013283869997e+07
1.748999999999999999e-01,3.185092355631506443e+07
1.748999999999999999e-01,3.230029564513044059e+07
1.748999999999999999e-01,3.275637478004753590e+07
1.748999999999999999e-01,3.321916096106635407e+07
1.748999999999999999e-01,3.368781580742418021e+07
1.748999999999999999e-01,3.416317769988372922e+07
1.748999999999999999e-01,3.464524663844499737e+07
1.748999999999999999e-01,3.513486100387070328e+07
1.748999999999999999e-01,3.563034403463540971e+07
1.748999999999999999e-01,3.613337249226456136e+07
1.748999999999999999e-01,3.664394637675815076e+07
1.748999999999999999e-01,3.716122730735345930e+07
1.748999999999999999e-01,3.768521528405049443e+07
1.748999999999999999e-01,3.821758706837467849e+07
1.748999999999999999e-01,3.875666589880058169e+07
1.748999999999999999e-01,3.930412853685364127e+07
1.748999999999999999e-01,3.985913660177113116e+07
1.748999999999999999e-01,4.042169009355306625e+07
1.748999999999999999e-01,4.099262739296215028e+07
1.748999999999999999e-01,4.157111011923567206e+07
1.748999999999999999e-01,4.215797665313635021e+07
1.748999999999999999e-01,4.275322699466417730e+07
1.748999999999999999e-01,4.335686114381916076e+07
1.748999999999999999e-01,4.396887910060129315e+07
1.748999999999999999e-01,4.458928086501057446e+07
1.748999999999999999e-01,4.521890481780973077e+07
1.748999999999999999e-01,4.585691257823603600e+07
1.748999999999999999e-01,4.650414252705220878e+07
1.748999999999999999e-01,4.716059466425824910e+07
1.748999999999999999e-01,4.782626898985415697e+07
1.748999999999999999e-01,4.850200388460265100e+07
1.748999999999999999e-01,4.918612258697829396e+07
1.748999999999999999e-01,4.988114023926923424e+07
1.748999999999999999e-01,5.058454169918733090e+07
1.748999999999999999e-01,5.129884210902072489e+07
1.748999999999999999e-01,5.202320308800669760e+07
1.748999999999999999e-01,5.275762463614525646e+07
1.748999999999999999e-01,5.350210675343640149e+07
1.748999999999999999e-01,5.425748782064283639e+07
1.748999999999999999e-01,5.502376783776457608e+07
1.748999999999999999e-01,5.580010842403890193e+07
1.748999999999999999e-01,5.658818634099123627e+07
1.748999999999999999e-01,5.738716320785886794e+07
1.748999999999999999e-01,5.819703902464179695e+07
1.748999999999999999e-01,5.901865217210274190e+07
1.748999999999999999e-01,5.985116426947899163e+07
1.748999999999999999e-01,6.069625207829596102e+07
1.748999999999999999e-01,6.155307721779094636e+07
1.748999999999999999e-01,6.242247806872665882e+07
1.748999999999999999e-01,6.330361625034038723e+07
1.748999999999999999e-01,6.419733014339484274e+07
1.748999999999999999e-01,6.510361974789003283e+07
1.748999999999999999e-01,6.602248506382594258e+07
1.748999999999999999e-01,6.695392609120258689e+07
1.748999999999999999e-01,6.789961959154538810e+07
1.748999999999999999e-01,6.885788880332891643e+07
1.748999999999999999e-01,6.983041048807860911e+07
1.748999999999999999e-01,7.081550788426902890e+07
1.748999999999999999e-01,7.181569613418832421e+07
1.748999999999999999e-01,7.282929847631105781e+07
1.748999999999999999e-01,7.385715329139995575e+07
1.748999999999999999e-01,7.490009896021772921e+07
1.748999999999999999e-01,7.595729710200165212e+07
1.748999999999999999e-01,7.702958609751446545e+07
1.748999999999999999e-01,7.811696594675613940e+07
1.748999999999999999e-01,7.921943664972668886e+07
1.748999999999999999e-01,8.033783658718883991e+07
1.748999999999999999e-01,8.147216575914257765e+07
1.748999999999999999e-01,8.262242416558790207e+07
1.748999999999999999e-01,8.378861180652481318e+07
1.748999999999999999e-01,8.496989030119059980e+07
1.748999999999999999e-01,8.616877479187341034e+07
1.748999999999999999e-01,8.738442689781051874e+07
1.748999999999999999e-01,8.861684661900193989e+07
1.748999999999999999e-01,8.987441776307481527e+07
1.748999999999999999e-01,9.114037271477483213e+07
1.748999999999999999e-01,9.242309528172916174e+07
1.748999999999999999e-01,9.373096927156496048e+07
1.748999999999999999e-01,9.505561087665505707e+07
1.748999999999999999e-01,9.639702009699945152e+07
1.748999999999999999e-01,9.775519693259815872e+07
1.748999999999999999e-01,9.913852519107832015e+07
1.748999999999999999e-01,1.005386210648127943e+08
1.748999999999999999e-01,1.019554845538015664e+08
1.748999999999999999e-01,1.033974994656717926e+08
1.748999999999999999e-01,1.048562819927963316e+08
1.748999999999999999e-01,1.063318321351751685e+08
1.748999999999999999e-01,1.078409175080626160e+08
1.748999999999999999e-01,1.093583866885772198e+08
1.748999999999999999e-01,1.109010072919732779e+08
1.748999999999999999e-01,1.124687793182508051e+08
1.748999999999999999e-01,1.140533189597826153e+08
1.748999999999999999e-01,1.156630100241958946e+08
1.748999999999999999e-01,1.172978525114906430e+08
1.748999999999999999e-01,1.189578464216668308e+08
1.748999999999999999e-01,1.206346079470973313e+08
1.748999999999999999e-01,1.223365208954092860e+08
1.748999999999999999e-01,1.240635852666027099e+08
1.748999999999999999e-01,1.258158010606775731e+08
1.748999999999999999e-01,1.275931682776339054e+08
1.748999999999999999e-01,1.293956869174716920e+08
1.748999999999999999e-01,1.312233569801909477e+08
1.748999999999999999e-01,1.330677946581644863e+08
1.748999999999999999e-01,1.349541513742738068e+08
1.748999999999999999e-01,1.368572757056374252e+08
1.748999999999999999e-01,1.387855514598824978e+08
1.748999999999999999e-01,1.407473624446361959e+08
1.748999999999999999e-01,1.427343248522713184e+08
1.748999999999999999e-01,1.447464386827879250e+08
1.748999999999999999e-01,1.467920877438131273e+08
1.748999999999999999e-01,1.488628882277198136e+08
1.748999999999999999e-01,1.509672239421350956e+08
1.748999999999999999e-01,1.530967110794318318e+08
1.748999999999999999e-01,1.552597334472371638e+08
1.748999999999999999e-01,1.574479072379239798e+08
1.748999999999999999e-01,1.596696162591193914e+08
1.748999999999999999e-01,1.619248605108233988e+08
1.748999999999999999e-01,1.642136399930360317e+08
1.748999999999999999e-01,1.665275708981301188e+08
1.748999999999999999e-01,1.688834208413599730e+08
1.748999999999999999e-01,1.712644222074712813e+08
1.748999999999999999e-01,1.736789588040912151e+08
1.748999999999999999e-01,1.761354144388468862e+08
1.748999999999999999e-01,1.786170214964840412e+08
1.748999999999999999e-01,1.811405475922569335e+08
1.748999999999999999e-01,1.836976089185384512e+08
1.748999999999999999e-01,1.862882054753285646e+08
1.748999999999999999e-01,1.889207210702544451e+08
1.748999999999999999e-01,1.915867718956889510e+08
1.748999999999999999e-01,1.942947417592591941e+08
1.748999999999999999e-01,1.970362468533380628e+08
1.748999999999999999e-01,1.998196709855526984e+08
1.748999999999999999e-01,2.026366303482759595e+08
1.748999999999999999e-01,2.054955087491349578e+08
1.748999999999999999e-01,2.083963061881297231e+08
1.748999999999999999e-01,2.113390226652602553e+08
1.748999999999999999e-01,2.143236581805265248e+08
1.748999999999999999e-01,2.173502127339285910e+08
1.748999999999999999e-01,2.204186863254663944e+08
1.748999999999999999e-01,2.235290789551399648e+08
1.748999999999999999e-01,2.266897744305764735e+08
1.748999999999999999e-01,2.298840051365215778e+08
1.748999999999999999e-01,2.331285386882295907e+08
1.748999999999999999e-01,2.364233750857005119e+08
1.748999999999999999e-01,2.397601305213072300e+08
1.748999999999999999e-01,2.431471888026768267e+08
1.748999999999999999e-01,2.465761661221821904e+08
1.748999999999999999e-01,2.500554462874504924e+08
1.748999999999999999e-01,2.535850292984817028e+08
1.748999999999999999e-01,2.571649151552758217e+08
1.748999999999999999e-01,2.607951038578328490e+08
1.748999999999999999e-01,2.644755954061527848e+08
1.748999999999999999e-01,2.682147736078628004e+08
1.748999999999999999e-01,2.719958708477085829e+08
1.748999999999999999e-01,2.758356547409444451e+08
1.748999999999999999e-01,2.797341252875703573e+08
1.748999999999999999e-01,2.836828986799591780e+08
1.748000000000000109e-01,2.876151060826432705e+08
1.748000000000000109e-01,2.916718075643276572e+08
1.748000000000000109e-01,2.957871803484330773e+08
1.748000000000000109e-01,2.999612244349595904e+08
1.748000000000000109e-01,3.042023214385387301e+08
1.748000000000000109e-01,3.084937081299073100e+08
1.748000000000000109e-01,3.128437661236969233e+08
1.748000000000000109e-01,3.172608770345392227e+08
1.748000000000000109e-01,3.217450408624341488e+08
1.748000000000000109e-01,3.262878759927501082e+08
1.748000000000000109e-01,3.308893824254871607e+08
1.748000000000000109e-01,3.355579417752768397e+08
1.748000000000000109e-01,3.403019356567506790e+08
1.748000000000000109e-01,3.451046008406456113e+08
1.748000000000000109e-01,3.499743189415931702e+08
1.748000000000000109e-01,3.549110899595934153e+08
1.748000000000000109e-01,3.599232955092778206e+08
1.748000000000000109e-01,3.650025539760148525e+08
1.748000000000000109e-01,3.701572469744361043e+08
1.748000000000000109e-01,3.753873745045415759e+08
1.748000000000000109e-01,3.806845549516997337e+08
1.748000000000000109e-01,3.860571699305420518e+08
1.748000000000000109e-01,3.915052194410685897e+08
1.748000000000000109e-01,3.970370850979108810e+08
1.748000000000000109e-01,4.026360036718058586e+08
1.748000000000000109e-01,4.083187383920166492e+08
1.748000000000000109e-01,4.140852892585431933e+08
1.748000000000000109e-01,4.199356562713854909e+08
1.748000000000000109e-01,4.258614578159120679e+08
1.748000000000000109e-01,4.318710755067543983e+08
1.748000000000000109e-01,4.379645093439125419e+08
1.748000000000000109e-01,4.441501409420180917e+08
1.748000000000000109e-01,4.504195886864393950e+08
1.748000000000000109e-01,4.567812341918080449e+08
1.748000000000000109e-01,4.632266958434925675e+08
1.748000000000000109e-01,4.697643552561243773e+08
1.748000000000000109e-01,4.763942124297035933e+08
1.748000000000000109e-01,4.831246489788617492e+08
1.748000000000000109e-01,4.899389016743357182e+08
1.748000000000000109e-01,4.968621153600202203e+08
1.748000000000000109e-01,5.038691451920205355e+08
1.748000000000000109e-01,5.109851360142313242e+08
1.748000000000000109e-01,5.182017062120211124e+08
1.748000000000000109e-01,5.255104741707582474e+08
1.748000000000000109e-01,5.329365847343375087e+08
1.748000000000000109e-01,5.404548930588641167e+08
1.748000000000000109e-01,5.480821623736013174e+08
1.748000000000000109e-01,5.558267742931804657e+08
1.748000000000000109e-01,5.636719655883387327e+08
1.748000000000000109e-01,5.716261178737075329e+08
1.748000000000000109e-01,5.796976127639182806e+08
1.748000000000000109e-01,5.878780686443396807e+08
1.748000000000000109e-01,5.961758671296032667e+08
1.748000000000000109e-01,6.045910082197088003e+08
1.748000000000000109e-01,6.131318735292881727e+08
1.748000000000000109e-01,6.217816998290779591e+08
1.748000000000000109e-01,6.305572503483414650e+08
1.748000000000000109e-01,6.394669067017102242e+08
1.748000000000000109e-01,6.484939056599211693e+08
1.748000000000000109e-01,6.576466288376057148e+08
1.748000000000000109e-01,6.669250762347639799e+08
1.748000000000000109e-01,6.763460110806591511e+08
1.748000000000000109e-01,6.858926701460279226e+08
1.748000000000000109e-01,6.955734350455019474e+08
1.748000000000000109e-01,7.053883057790813446e+08
1.748000000000000109e-01,7.153456639613975286e+08
1.748000000000000109e-01,7.254455095924506187e+08
1.748000000000000109e-01,7.356878426722404957e+08
1.748000000000000109e-01,7.460726632007671595e+08
1.748000000000000109e-01,7.566083527926623821e+08
1.748000000000000109e-01,7.672865298332943916e+08
1.748000000000000109e-01,7.781155759372948408e+08
1.748000000000000109e-01,7.891038727192952633e+08
1.748000000000000109e-01,8.002430385646641254e+08
1.759000000000000008e-01,8.138778182912201881e+08
1.759000000000000008e-01,8.253684712037636042e+08
1.759000000000000008e-01,8.370188332643232346e+08
1.759000000000000008e-01,8.488120929836343527e+08
1.759000000000000008e-01,8.608323078080214262e+08
1.759000000000000008e-01,8.729365800787327290e+08
1.759000000000000008e-01,8.852930246884171963e+08
1.759000000000000008e-01,8.978175841907505989e+08
1.759000000000000008e-01,9.104262011394082308e+08
1.759000000000000008e-01,9.232869904270390272e+08
1.769999999999999907e-01,9.390054577447286844e+08
1.769999999999999907e-01,9.523246840957177877e+08
1.781000000000000083e-01,9.684960765533477068e+08
1.791999999999999982e-01,9.850004262423137426e+08
1.791999999999999982e-01,9.989047187112188339e+08
1.802999999999999881e-01,1.015868965398941636e+09
1.802999999999999881e-01,1.030238052706643343e+09
1.814999999999999947e-01,1.048022194495137334e+09
1.814999999999999947e-01,1.062777064258130431e+09
1.826000000000000123e-01,1.080848864988690853e+09
1.837000000000000022e-01,1.099265173604643583e+09
1.837000000000000022e-01,1.114790064087043762e+09
1.849000000000000088e-01,1.118228883603313208e+09
1.860000000000000264e-01,1.137172423074923515e+09
1.872000000000000053e-01,1.156761504287042141e+09
1.884000000000000119e-01,1.160304817446930170e+09
1.895999999999999908e-01,1.180307718542481661e+09
1.907000000000000084e-01,1.183605911302386999e+09
1.918999999999999873e-01,1.187206178677742004e+09
1.930999999999999939e-01,1.207588148483913183e+09
1.943000000000000005e-01,1.211243846929411650e+09
1.955000000000000071e-01,1.232048025515490294e+09
1.968000000000000027e-01,1.253537599065474749e+09
1.980000000000000093e-01,1.257304632605682850e+09
1.991999999999999882e-01,1.278825578079002380e+09
2.005000000000000115e-01,1.282969248270457983e+09
2.016999999999999904e-01,1.286796636189947844e+09
2.030000000000000138e-01,1.309225615877264261e+09
2.041999999999999926e-01,1.313112149433699608e+09
2.054999999999999882e-01,1.317325218023790359e+09
2.068000000000000116e-01,1.340174771343119144e+09
2.081000000000000072e-01,1.344452798724636078e+09
2.081000000000000072e-01,1.363419577219937325e+09
2.094000000000000028e-01,1.367760747035097122e+09
2.106999999999999984e-01,1.372104690020573854e+09
2.119999999999999940e-01,1.376451388933091879e+09
2.132999999999999896e-01,1.380800826562397718e+09
2.147000000000000020e-01,1.385487879440403700e+09
2.160000000000000253e-01,1.389842950325676441e+09
2.174000000000000099e-01,1.394536030008865118e+09
2.187000000000000055e-01,1.379436353677604198e+09
2.200999999999999901e-01,1.384070011822248697e+09
2.215000000000000024e-01,1.369398156828200817e+09
2.227000000000000091e-01,1.373319532732855558e+09
2.242000000000000104e-01,1.358980896626815796e+09
2.255999999999999950e-01,1.363497713048319817e+09
2.269999999999999796e-01,1.349027738327518463e+09
2.285000000000000087e-01,1.353806109184897661e+09
2.298999999999999932e-01,1.339341225507317305e+09
2.313000000000000056e-01,1.343744425289428711e+09
2.328000000000000069e-01,1.348465123001271248e+09
2.341999999999999915e-01,1.352873871673718929e+09
2.356999999999999929e-01,1.357600470001542330e+09
2.371000000000000052e-01,1.362014684355813980e+09
2.386000000000000065e-01,1.366747094340451479e+09
2.401000000000000079e-01,1.371482475574567318e+09
2.416000000000000092e-01,1.376220804414261341e+09
2.431000000000000105e-01,1.380962057268718004e+09
2.446000000000000119e-01,1.385706210600119114e+09
2.462000000000000022e-01,1.390769811330578566e+09
2.477000000000000035e-01,1.395519884619417429e+09
2.492999999999999938e-01,1.400589746661355972e+09
2.508000000000000229e-01,1.425205976587181568e+09
2.524000000000000132e-01,1.430353727936348438e+09
2.539000000000000146e-01,1.455385034261615515e+09
2.555000000000000049e-01,1.460611469275912046e+09
2.570000000000000062e-01,1.465514130317263126e+09
2.586999999999999855e-01,1.491904451225420475e+09
2.604000000000000203e-01,1.497546424897606373e+09
2.620000000000000107e-01,1.502859740296734810e+09
2.636000000000000010e-01,1.508176151010995626e+09
2.651999999999999913e-01,1.513495628151410580e+09
2.669000000000000261e-01,1.519150900272133589e+09
2.686000000000000054e-01,1.524809567086581707e+09
2.702999999999999847e-01,1.552051254207822800e+09
2.718999999999999750e-01,1.557458441116954327e+09
2.736000000000000099e-01,1.563206818542693138e+09
2.752999999999999892e-01,1.568958501593104124e+09
2.771000000000000130e-01,1.575052083592098236e+09
2.787999999999999923e-01,1.580810463734820604e+09
2.805000000000000271e-01,1.586572044184652805e+09
2.822999999999999954e-01,1.592675991294119596e+09
2.841000000000000192e-01,1.598783447347262383e+09
2.857999999999999985e-01,1.604554785790714502e+09
2.876000000000000223e-01,1.588274270991510630e+09
2.893999999999999906e-01,1.594306766313712358e+09
2.912000000000000144e-01,1.600342565149943113e+09
2.929999999999999827e-01,1.606381628059057951e+09
2.948999999999999955e-01,1.612759692120377064e+09
2.967000000000000193e-01,1.618805341113580942e+09
2.985999999999999766e-01,1.625190269816676378e+09
3.004000000000000004e-01,1.631242339649251699e+09
3.023000000000000131e-01,1.637633959066667318e+09
3.042000000000000259e-01,1.644028946990494013e+09
3.060999999999999832e-01,1.650427257952455759e+09
3.079999999999999960e-01,1.656828846618040323e+09
3.099000000000000088e-01,1.663233667786183357e+09
3.118000000000000216e-01,1.669641676389097452e+09
3.138000000000000234e-01,1.676390342697479486e+09
3.156999999999999806e-01,1.706532311892238140e+09
3.175999999999999934e-01,1.713040259420117140e+09
3.196999999999999842e-01,1.744504925293000460e+09
3.215999999999999970e-01,1.751111138655478716e+09
3.236999999999999877e-01,1.758416226202371120e+09
3.256000000000000005e-01,1.765028693255463362e+09
3.276999999999999913e-01,1.772340581832028627e+09
3.297999999999999821e-01,1.779655952451229572e+09
3.318999999999999728e-01,1.786974744441119671e+09
3.337999999999999856e-01,1.793599406285195827e+09
3.360000000000000209e-01,1.801273445768164635e+09
3.381000000000000116e-01,1.808601986883653879e+09
3.402000000000000024e-01,1.841559849374558449e+09
3.423999999999999821e-01,1.849352491396699905e+09
3.444999999999999729e-01,1.856794102047686577e+09
3.466000000000000192e-01,1.864238757309748888e+09
3.487999999999999989e-01,1.872041120217827082e+09
3.510000000000000342e-01,1.879846690189558983e+09
3.532000000000000139e-01,1.887655398808216333e+09
3.553999999999999937e-01,1.895467177896224976e+09
3.575999999999999734e-01,1.876796930598310232e+09
3.598000000000000087e-01,1.884505859987402439e+09
3.620000000000000440e-01,1.892217616841760874e+09
3.643000000000000127e-01,1.900282859316152811e+09
3.665999999999999814e-01,1.881803624656569242e+09
3.689000000000000057e-01,1.889762398898240328e+09
3.711999999999999744e-01,1.897723926599610090e+09
3.734999999999999987e-01,1.879191520787065506e+09
3.759000000000000119e-01,1.887389188904992342e+09
3.781999999999999806e-01,1.895247837932953596e+09
3.805999999999999939e-01,1.903450749922390938e+09
3.829000000000000181e-01,1.884627652730223894e+09
3.852999999999999758e-01,1.892720895477819920e+09
3.876999999999999891e-01,1.900816503974778891e+09
3.901999999999999913e-01,1.936287164445135355e+09
3.926000000000000045e-01,1.944502057484473705e+09
3.950000000000000178e-01,1.952719106489030600e+09
3.975000000000000200e-01,1.961280739569069624e+09
4.000000000000000222e-01,1.969844536584811687e+09
4.025000000000000244e-01,1.978410408566476822e+09
4.050000000000000266e-01,1.986978266907755136e+09
4.074999999999999734e-01,1.995548023364812374e+09
4.101000000000000201e-01,2.004462489136723757e+09
4.126000000000000223e-01,2.013035845632245541e+09
4.152000000000000135e-01,2.021953866459559679e+09
4.178000000000000047e-01,2.002517592910621643e+09
4.203000000000000069e-01,2.010975927258458376e+09
4.229999999999999871e-01,1.992070978256104231e+09
4.257000000000000228e-01,2.001082108608475685e+09
4.283000000000000140e-01,1.981754615967108488e+09
4.309999999999999942e-01,1.990642671900678635e+09
4.336999999999999744e-01,1.971704790733879805e+09
4.364000000000000101e-01,1.980471262438781261e+09
4.390999999999999903e-01,1.989238638708547831e+09
4.419000000000000150e-01,1.970564861912535429e+09
4.445000000000000062e-01,1.978891657387964249e+09
4.474000000000000199e-01,1.988179888808857918e+09
4.501999999999999891e-01,1.969301752184480190e+09
4.529999999999999583e-01,1.978145614132887363e+09
4.557999999999999829e-01,1.986989790729630470e+09
4.586000000000000076e-01,1.995834177225696564e+09
4.615000000000000213e-01,2.004994544737315178e+09
4.643999999999999795e-01,2.014154910310745716e+09
4.672999999999999932e-01,1.995158895619044065e+09
4.702000000000000068e-01,1.976363899498880148e+09
4.732000000000000095e-01,1.985577822587853670e+09
4.761000000000000232e-01,1.994484159944074869e+09
4.791000000000000258e-01,1.975792956840734959e+09
4.820999999999999730e-01,1.984876812506187916e+09
4.820999999999999730e-01,1.957154204091814756e+09
4.850999999999999757e-01,1.966110372297385216e+09
4.880999999999999783e-01,1.947558168381341457e+09
4.912000000000000255e-01,1.956681950374750376e+09
4.941999999999999726e-01,1.938222451684552193e+09
4.973000000000000198e-01,1.947217071317751884e+09
5.003999999999999559e-01,1.956210242535525322e+09
5.036000000000000476e-01,1.965491868425527573e+09
5.067000000000000393e-01,1.974481723685260773e+09
5.099000000000000199e-01,1.956153640079103947e+09
5.131000000000000005e-01,1.965300440227349043e+09
5.162999999999999812e-01,1.974445077148622751e+09
5.193999999999999728e-01,1.983301760730515718e+09
5.227000000000000535e-01,1.964934091807197809e+09
5.260000000000000231e-01,1.974225552092386246e+09
5.292999999999999927e-01,1.983514208502672434e+09
5.325999999999999623e-01,1.992799926020357370e+09
5.359000000000000430e-01,2.002082570417038202e+09
5.392000000000000126e-01,2.039811973047716856e+09
5.425999999999999712e-01,2.049504294198136330e+09
5.460000000000000409e-01,2.059192874289542675e+09
5.493000000000000105e-01,2.068592780848188877e+09
5.527999999999999581e-01,2.078558230693800449e+09
5.563000000000000167e-01,2.088519256851639271e+09
5.597999999999999643e-01,2.069207535456538916e+09
5.633000000000000229e-01,2.079020448198115349e+09
5.667999999999999705e-01,2.088828541332699299e+09
5.703000000000000291e-01,2.069474244073385239e+09
5.738999999999999657e-01,2.079412096087085962e+09
5.775000000000000133e-01,2.089344447198775530e+09
5.810999999999999499e-01,2.070050253933159113e+09
5.846999999999999975e-01,2.050832092145039797e+09
5.883000000000000451e-01,2.031874963727093458e+09
5.920000000000000817e-01,2.041639675206163406e+09
5.957000000000000073e-01,2.051398018668531895e+09
5.994000000000000439e-01,2.061149834558073997e+09
6.031999999999999584e-01,2.071158252029780865e+09
6.068999999999999950e-01,2.051792905876976490e+09
6.107000000000000206e-01,2.061647129001572847e+09
6.145000000000000462e-01,2.042668912908029079e+09
6.182999999999999607e-01,2.023782958993562698e+09
6.220999999999999863e-01,2.033342496078261137e+09
6.260999999999999899e-01,2.015097540911922455e+09
6.300000000000000044e-01,2.024756452532544136e+09
6.340000000000000080e-01,2.034654346463610649e+09
6.379000000000000226e-01,2.044296160073620319e+09
6.419000000000000261e-01,2.025520405722558260e+09
6.419000000000000261e-01,1.997249279664714098e+09
6.459000000000000297e-01,1.979019194087172508e+09
6.499000000000000332e-01,1.988474176051701784e+09
6.540000000000000258e-01,1.970254708761327505e+09
6.581000000000000183e-01,1.979791492636994123e+09
6.622000000000000108e-01,1.989318335637695789e+09
6.663000000000000034e-01,1.971063571408615351e+09
6.704999999999999849e-01,1.980666454939448118e+09
6.746999999999999664e-01,1.990258520791674137e+09
6.788999999999999480e-01,1.972004071056660175e+09
6.831000000000000405e-01,1.981440770011987686e+09
6.831000000000000405e-01,1.953855456361995459e+09
6.874000000000000110e-01,1.963370905502637625e+09
6.916999999999999815e-01,1.945407920808555126e+09
6.959999999999999520e-01,1.954767561376347542e+09
7.003000000000000336e-01,1.936775321636446476e+09
7.046000000000000041e-01,1.945980982212123871e+09
7.046000000000000041e-01,1.918883134509275198e+09
7.090000000000000746e-01,1.901325132496520996e+09
7.135000000000000231e-01,1.910667218067255735e+09
7.179999999999999716e-01,1.919996047809410572e+09
7.225000000000000311e-01,1.929311438307497263e+09
7.225000000000000311e-01,1.902461587171390533e+09
7.268999999999999906e-01,1.884813764263504028e+09
7.315000000000000391e-01,1.867681965512670040e+09
7.360999999999999766e-01,1.876771477514594078e+09
7.407000000000000250e-01,1.859591820463302374e+09
7.451999999999999735e-01,1.842321124839418650e+09
7.500000000000000000e-01,1.825727625598918915e+09
7.547000000000000375e-01,1.834575129017062426e+09
7.547000000000000375e-01,1.809048596191351891e+09
7.592999999999999750e-01,1.792276736198117495e+09
7.641000000000000014e-01,1.801033114142723322e+09
7.689000000000000279e-01,1.784584506345073223e+09
7.689000000000000279e-01,1.759726735195646286e+09
7.737000000000000544e-01,1.768210682109050751e+09
7.784999999999999698e-01,1.751961572017302275e+09
7.832999999999999963e-01,1.735798211530647755e+09
7.883000000000000007e-01,1.720062608266595125e+09
7.932000000000000162e-01,1.728304625007546425e+09
7.981000000000000316e-01,1.736530572500428677e+09
8.031000000000000361e-01,1.720595959077570677e+09
8.081000000000000405e-01,1.728839485871165752e+09
8.132000000000000339e-01,1.737230355203683615e+09
8.183000000000000274e-01,1.721309547247963667e+09
8.234000000000000208e-01,1.729548203775958538e+09
8.234000000000000208e-01,1.705487843775192976e+09
8.285000000000000142e-01,1.713594161605040550e+09
8.336000000000000076e-01,1.697699718179607630e+09
8.388999999999999790e-01,1.682224436178429604e+09
8.440999999999999615e-01,1.690206517452106953e+09
8.440999999999999615e-01,1.666681591581117630e+09
8.494000000000000439e-01,1.674685067272228956e+09
8.547000000000000153e-01,1.659254595640673637e+09
8.598999999999999977e-01,1.666960608265105724e+09
8.653999999999999471e-01,1.651767644031661987e+09
8.708000000000000185e-01,1.636525428966103792e+09
8.760999999999999899e-01,1.644104856925678968e+09
8.817000000000000393e-01,1.652092405845880032e+09
8.817000000000000393e-01,1.629098569443867445e+09
8.871999999999999886e-01,1.614006972944749594e+09
8.928000000000000380e-01,1.621731697958765507e+09
8.981999999999999984e-01,1.606488411563341618e+09
9.040000000000000258e-01,1.591877069324237108e+09
9.095999999999999641e-01,1.577039899879711151e+09
9.153000000000000025e-01,1.562457001130410671e+09
9.209999999999999298e-01,1.547924744857201576e+09
9.265999999999999792e-01,1.533348833898704767e+09
9.324999999999999956e-01,1.519255650828959465e+09
9.383000000000000229e-01,1.526341241483241320e+09
9.442000000000000393e-01,1.512158380151390076e+09
9.500999999999999446e-01,1.519220676434755564e+09
9.559999999999999609e-01,1.505032335813685894e+09
9.559999999999999609e-01,1.484065646032828808e+09
9.620000000000000773e-01,1.470253653713897705e+09
9.679999999999999716e-01,1.456515820864422798e+09
9.740999999999999659e-01,1.442966909479827642e+09
9.800999999999999712e-01,1.449551434611999512e+09
9.800999999999999712e-01,1.429363362776876926e+09
9.862999999999999545e-01,1.436049043385129452e+09
9.923999999999999488e-01,1.422523587472352028e+09
9.986000000000000432e-01,1.429068914837433577e+09
1.004799999999999915e+00,1.435590188042316675e+09
1.011100000000000110e+00,1.422106606962055445e+09
1.017400000000000082e+00,1.428591560621937752e+09
1.023800000000000043e+00,1.435153935983878613e+09
1.030200000000000005e+00,1.441690452660342932e+09
1.036599999999999966e+00,1.428052037602863789e+09
1.043099999999999916e+00,1.434545900014390230e+09
1.049600000000000088e+00,1.441013033678140879e+09
1.056100000000000039e+00,1.447453300322734356e+09
1.062699999999999978e+00,1.453965018381684065e+09
1.069399999999999906e+00,1.440222826386723042e+09
1.076100000000000056e+00,1.426554020656082630e+09
1.082799999999999985e+00,1.432897399928815842e+09
1.089499999999999913e+00,1.419161834670225620e+09
1.096300000000000052e+00,1.425452923452033997e+09
1.103199999999999958e+00,1.411867390283631802e+09
1.110100000000000087e+00,1.418102980229078054e+09
1.116999999999999993e+00,1.404486037600513220e+09
1.124000000000000110e+00,1.410663870727403641e+09
1.124000000000000110e+00,1.391047661358864069e+09
1.131000000000000005e+00,1.397109453862905979e+09
1.138099999999999890e+00,1.383675958863771677e+09
1.145199999999999996e+00,1.389677391972137928e+09
1.152199999999999891e+00,1.376143834926406384e+09
1.159499999999999975e+00,1.362930524753872871e+09
1.166700000000000070e+00,1.349709704619927406e+09
1.174000000000000155e+00,1.336616507156557798e+09
1.181400000000000006e+00,1.323681036328987598e+09
1.188700000000000090e+00,1.329250885830310822e+09
1.196199999999999930e+00,1.316364290148989916e+09
1.203600000000000003e+00,1.303460416858490467e+09
1.211100000000000065e+00,1.290722257394644022e+09
1.218699999999999894e+00,1.278119181187228680e+09
1.226299999999999946e+00,1.265582443501584768e+09
1.233999999999999986e+00,1.253152601223396063e+09
1.241700000000000026e+00,1.240826259681962013e+09
1.249400000000000066e+00,1.228576621913699865e+09
1.257200000000000095e+00,1.216439838205229282e+09
1.265099999999999891e+00,1.204415963239939690e+09
1.272999999999999909e+00,1.192476172705554724e+09
1.280899999999999928e+00,1.180624859256587982e+09
1.288899999999999935e+00,1.168892617199181795e+09
1.296999999999999931e+00,1.157247419378732443e+09
1.305099999999999927e+00,1.161865866273263693e+09
1.305099999999999927e+00,1.145698178741015911e+09
1.313199999999999923e+00,1.134216700920998096e+09
1.321399999999999908e+00,1.122860663506483316e+09
1.329599999999999893e+00,1.127247497104391575e+09
1.338000000000000078e+00,1.115943329339402199e+09
1.346300000000000052e+00,1.120256139616637945e+09
1.354700000000000015e+00,1.108933611621376514e+09
1.354700000000000015e+00,1.093479133128181696e+09
1.363199999999999967e+00,1.082426814148742914e+09
1.371699999999999919e+00,1.071458590219570994e+09
1.371699999999999919e+00,1.056521401821286201e+09
1.380300000000000082e+00,1.045799066861840367e+09
1.380300000000000082e+00,1.031241861218378186e+09
1.388900000000000023e+00,1.020725082119711757e+09
1.388900000000000023e+00,1.006517879436060548e+09
1.397599999999999953e+00,1.010315374530042171e+09
1.397599999999999953e+00,9.962578113157335520e+08
1.397599999999999953e+00,9.824034899792221785e+08
1.397599999999999953e+00,9.687185368742085695e+08
1.397599999999999953e+00,9.552368256469922066e+08
1.406199999999999894e+00,9.453948845274815559e+08
1.415100000000000025e+00,9.357486520084310770e+08
1.423899999999999944e+00,9.261400147976737022e+08
1.423899999999999944e+00,9.132270081931866407e+08
1.432800000000000074e+00,9.165814197723641396e+08
1.441799999999999971e+00,9.071420201218732595e+08
1.450800000000000090e+00,8.977523259226506948e+08
1.459799999999999986e+00,8.884154629680318832e+08
1.468900000000000095e+00,8.791687067936822176e+08
1.478099999999999969e+00,8.700127256277315617e+08
1.487400000000000055e+00,8.609482398157525063e+08
1.496599999999999930e+00,8.519123930833358765e+08
1.496599999999999930e+00,8.400695066921070814e+08
1.506000000000000005e+00,8.430037380216810703e+08
1.515400000000000080e+00,8.341247191230936050e+08
1.515400000000000080e+00,8.225189501181898117e+08
1.524899999999999922e+00,8.138400783707816601e+08
1.534399999999999986e+00,8.165956192014788389e+08
1.534399999999999986e+00,8.052321758745896816e+08
1.544000000000000039e+00,7.966901854872307777e+08
1.553500000000000103e+00,7.881965492765910625e+08
1.563299999999999912e+00,7.798257824850875139e+08
1.573099999999999943e+00,7.714973362714534998e+08
1.582899999999999974e+00,7.632502224360836744e+08
1.592799999999999994e+00,7.657179963658322096e+08
1.592799999999999994e+00,7.550389838980712891e+08
1.602700000000000014e+00,7.574435327484625578e+08
1.612700000000000022e+00,7.598431525178309679e+08
1.622800000000000020e+00,7.622369946832337379e+08
1.632900000000000018e+00,7.646009503030498028e+08
1.643100000000000005e+00,7.562955396052185297e+08
1.643100000000000005e+00,7.457811508619307280e+08
1.653399999999999981e+00,7.480656099276382923e+08
1.663699999999999957e+00,7.398533340118848085e+08
1.674099999999999921e+00,7.420677625313646793e+08
1.674099999999999921e+00,7.317565959171242714e+08
1.684399999999999897e+00,7.338899435693143606e+08
1.695100000000000051e+00,7.258160181115422249e+08
1.705600000000000005e+00,7.279005675206240416e+08
1.716299999999999937e+00,7.198270845467072725e+08
1.726900000000000102e+00,7.117983363934093714e+08
1.737800000000000011e+00,7.038908304779942036e+08
1.748599999999999932e+00,7.058274192526247501e+08
1.759600000000000053e+00,6.979087613698003292e+08
1.770499999999999963e+00,6.997759429543975592e+08
1.781600000000000072e+00,7.016466852441146374e+08
1.792699999999999960e+00,6.937014383591988087e+08
1.803900000000000059e+00,6.955012433609721661e+08
1.803900000000000059e+00,6.858066350373423100e+08
1.815199999999999925e+00,6.875663757919516563e+08
1.826500000000000012e+00,6.797066070336363316e+08
1.837800000000000100e+00,6.813810852057304382e+08
1.849399999999999933e+00,6.735495227475563288e+08
1.860899999999999999e+00,6.657827231610993147e+08
1.872600000000000042e+00,6.580852724572567940e+08
1.884100000000000108e+00,6.504053022134561539e+08
1.895999999999999908e+00,6.428615213133832216e+08
1.907899999999999929e+00,6.353637832759387493e+08
1.919799999999999951e+00,6.367754261832028627e+08
1.931699999999999973e+00,6.381569966976208687e+08
1.943799999999999972e+00,6.305918642959272861e+08
1.955899999999999972e+00,6.231574083534289598e+08
1.968199999999999950e+00,6.157571402956020832e+08
1.980499999999999927e+00,6.084108081687289476e+08
1.992799999999999905e+00,6.011205377755763531e+08
2.005300000000000082e+00,6.022947661296200752e+08
2.017799999999999816e+00,5.950349968009220362e+08
2.017799999999999816e+00,5.867516335531189442e+08
2.030400000000000205e+00,5.878437352918655872e+08
2.030400000000000205e+00,5.796658105204669237e+08
2.043099999999999916e+00,5.726502259598853588e+08
2.055800000000000072e+00,5.656576955528109074e+08
2.068700000000000205e+00,5.587453419319146872e+08
2.081599999999999895e+00,5.518989928216025829e+08
2.094599999999999795e+00,5.451273936087279320e+08
2.107699999999999907e+00,5.383908427621719837e+08
2.107699999999999907e+00,5.309018863766080737e+08
2.120800000000000018e+00,5.317247397303712368e+08
2.134100000000000108e+00,5.251427385913285017e+08
2.147400000000000198e+00,5.185520029145740867e+08
2.147400000000000198e+00,5.113561381733484268e+08
2.160800000000000054e+00,5.120821786290211082e+08
2.174300000000000122e+00,5.056524307085160017e+08
2.174300000000000122e+00,4.986004386480388641e+08
2.187899999999999956e+00,4.923253757292214036e+08
2.201499999999999790e+00,4.860882173468436599e+08
2.215300000000000047e+00,4.798989521381753087e+08
2.215300000000000047e+00,4.732314023743344545e+08
2.229099999999999859e+00,4.671979237460373640e+08
2.242900000000000116e+00,4.677246290709894300e+08
2.242900000000000116e+00,4.612066813383014798e+08
2.256999999999999673e+00,4.552695059163997173e+08
2.271100000000000119e+00,4.494175285873315930e+08
2.285200000000000120e+00,4.436109711670160890e+08
2.299500000000000099e+00,4.378154430739427209e+08
2.313899999999999846e+00,4.382055822447742820e+08
2.313899999999999846e+00,4.321113324254761338e+08
2.328399999999999803e+00,4.264580628301465511e+08
2.342900000000000205e+00,4.267922974685475230e+08
2.357600000000000140e+00,4.211645742029219866e+08
2.357600000000000140e+00,4.153094100682212710e+08
2.372300000000000075e+00,4.155919789659376740e+08
2.387100000000000222e+00,4.100650445842016935e+08
2.401999999999999691e+00,4.045886996770785451e+08
2.416999999999999815e+00,3.991637128902345896e+08
2.416999999999999815e+00,3.936068708031427860e+08
2.432100000000000151e+00,3.937908476557565331e+08
2.447299999999999809e+00,3.884708614101344347e+08
2.462600000000000122e+00,3.832003341101509929e+08
2.477899999999999991e+00,3.833152687596643567e+08
2.477899999999999991e+00,3.779793353173803687e+08
2.477899999999999991e+00,3.727184971072786450e+08
2.477899999999999991e+00,3.675285821720157266e+08
2.478000000000000203e+00,3.624144046672133207e+08
2.478000000000000203e+00,3.573704993011717796e+08
2.493399999999999839e+00,3.574576834390258789e+08
2.508999999999999897e+00,3.625712716900594831e+08
2.524599999999999955e+00,3.626186726884717941e+08
2.540399999999999991e+00,3.677635133563246131e+08
2.556299999999999795e+00,3.729624326930187941e+08
2.572200000000000042e+00,3.729462635043791533e+08
2.588299999999999823e+00,3.781713491588173509e+08
2.604400000000000048e+00,3.781101009118219614e+08
2.620699999999999807e+00,3.833622092888511419e+08
2.637000000000000011e+00,3.832538443192021847e+08
2.653500000000000192e+00,3.885295656526641250e+08
2.670100000000000140e+00,3.829649232344935536e+08
2.686700000000000088e+00,3.827857665348172188e+08
2.686700000000000088e+00,3.774572040189210176e+08
2.703500000000000014e+00,3.772557642330582142e+08
2.720400000000000151e+00,3.717827576485478878e+08
2.720400000000000151e+00,3.666058724078938365e+08
2.737400000000000055e+00,3.663633071993571520e+08
2.754500000000000171e+00,3.660971808673322201e+08
2.771700000000000053e+00,3.709729674876405001e+08
2.788999999999999702e+00,3.706548894479081631e+08
2.806400000000000006e+00,3.703125224059821367e+08
2.823900000000000077e+00,3.751674469336255193e+08
2.841499999999999915e+00,3.747706215372572541e+08
2.841499999999999915e+00,3.800612575741904974e+08
2.859199999999999964e+00,3.796334943585556149e+08
2.877099999999999991e+00,3.791776767997193933e+08
2.895099999999999785e+00,3.840418787260265946e+08
2.913100000000000023e+00,3.835301054911759496e+08
2.931299999999999795e+00,3.883943568144637942e+08
2.949600000000000222e+00,3.878190079182905555e+08
2.967999999999999972e+00,3.872167683587855697e+08
2.986499999999999932e+00,3.865875634802179933e+08
3.005199999999999871e+00,3.859277323578622937e+08
3.023899999999999810e+00,3.852442687726855278e+08
3.042800000000000171e+00,3.791784324086145759e+08
3.061799999999999855e+00,3.784468378315160275e+08
3.080900000000000194e+00,3.776881232315292358e+08
3.100200000000000067e+00,3.768980954419059157e+08
3.119499999999999940e+00,3.708498452556158304e+08
3.138999999999999790e+00,3.700168014001448750e+08
3.158599999999999852e+00,3.691566560890246630e+08
3.178300000000000125e+00,3.682693918006972671e+08
3.198199999999999932e+00,3.622366265324794054e+08
3.218100000000000183e+00,3.613080846096392274e+08
3.238199999999999967e+00,3.603479440768554807e+08
3.258399999999999963e+00,3.593608174832639098e+08
3.278799999999999937e+00,3.533541464732317328e+08
3.299300000000000122e+00,3.523223687390230298e+08
3.319700000000000095e+00,3.512741822558904886e+08
3.340599999999999792e+00,3.501784634567244053e+08
3.361400000000000166e+00,3.490663787027555704e+08
3.382400000000000073e+00,3.479220730245794058e+08
3.403500000000000192e+00,3.419225443064655662e+08
3.424799999999999844e+00,3.407355458299388885e+08
3.446200000000000152e+00,3.395219035127107501e+08
3.467699999999999783e+00,3.382816596903921366e+08
3.489300000000000068e+00,3.323246922878040671e+08
3.511000000000000121e+00,3.310493793502916098e+08
3.532999999999999918e+00,3.297359396346992850e+08
3.555099999999999927e+00,3.238256329836578965e+08
3.577300000000000146e+00,3.224784405818802714e+08
3.599600000000000133e+00,3.211053167795206904e+08
3.622100000000000097e+00,3.197000300263772607e+08
3.644699999999999829e+00,3.138361769444385171e+08
3.667499999999999982e+00,3.123928977718509436e+08
3.690300000000000136e+00,3.109304036115244031e+08
3.713400000000000034e+00,3.094293901149409413e+08
3.736600000000000144e+00,3.079026690736889243e+08
3.759900000000000020e+00,3.020887425305102468e+08
3.783300000000000107e+00,2.963472652555301189e+08
3.806999999999999940e+00,2.906725306522265673e+08
3.830799999999999983e+00,2.850707572411369681e+08
3.854699999999999793e+00,2.795492659332746267e+08
3.854699999999999793e+00,2.756586501178731322e+08
3.878800000000000026e+00,2.702789454460522532e+08
3.903000000000000025e+00,2.687133034612599611e+08
3.927400000000000002e+00,2.633992010587956905e+08
3.951900000000000190e+00,2.581588572221280336e+08
3.976599999999999913e+00,2.565556875200146437e+08
3.976599999999999913e+00,2.529824597350375354e+08
4.001400000000000290e+00,2.478800166029666364e+08
4.026399999999999757e+00,2.462706350619474947e+08
4.051499999999999879e+00,2.412330029038961828e+08
4.076800000000000423e+00,2.362633171143879592e+08
4.102299999999999613e+00,2.313549295760293007e+08
4.127900000000000347e+00,2.297143573719341457e+08
4.153699999999999726e+00,2.248725592307015061e+08
4.153699999999999726e+00,2.217417550094179511e+08
4.179599999999999760e+00,2.200988864525238574e+08
4.205700000000000216e+00,2.153869699378075302e+08
4.205700000000000216e+00,2.123903154287039042e+08
4.232000000000000206e+00,2.078052256806102097e+08
4.258399999999999963e+00,2.061580078986593783e+08
4.258399999999999963e+00,2.032878444931138158e+08
4.258399999999999963e+00,2.004590929902009666e+08
4.258399999999999963e+00,1.976685678589491248e+08
4.258399999999999963e+00,1.949162690993582904e+08
4.258399999999999963e+00,1.922021967114284039e+08
4.285000000000000142e+00,1.879910641507638097e+08
4.285000000000000142e+00,1.853716952383651435e+08
4.311799999999999855e+00,1.812739059829235673e+08
4.338700000000000223e+00,1.772323698388673365e+08
4.338700000000000223e+00,1.747655447915009856e+08
4.365800000000000125e+00,1.708360784612648487e+08
4.365800000000000125e+00,1.684584359479313493e+08
4.393099999999999561e+00,1.646370296366235316e+08
4.393099999999999561e+00,1.623446384830878079e+08
4.420499999999999652e+00,1.586326711339275837e+08
4.420499999999999652e+00,1.564246084029185772e+08
4.448100000000000165e+00,1.528127115203616917e+08
4.475900000000000212e+00,1.492500838945038021e+08
4.503800000000000026e+00,1.457418025244844854e+08
4.503800000000000026e+00,1.437137326698531508e+08
4.503899999999999793e+00,1.417071117785526812e+08
4.503899999999999793e+00,1.397349569686757028e+08
4.532000000000000028e+00,1.364169989509820342e+08
4.532000000000000028e+00,1.345168624284037650e+08
4.532000000000000028e+00,1.326458244743182808e+08
4.532000000000000028e+00,1.307980653750270158e+08
4.560299999999999798e+00,1.276633333356187493e+08
4.560299999999999798e+00,1.258862712562487274e+08
4.560299999999999798e+00,1.241322505004361570e+08
4.588799999999999990e+00,1.211243451105632484e+08
4.588799999999999990e+00,1.194399645848957449e+08
4.588799999999999990e+00,1.177755344207843840e+08
4.617499999999999716e+00,1.148923536745815873e+08
4.617499999999999716e+00,1.132936895470327437e+08
4.646300000000000097e+00,1.104949306789116859e+08
4.646300000000000097e+00,1.089555923720000684e+08
4.646300000000000097e+00,1.074385633159132451e+08
4.646300000000000097e+00,1.059438435106512308e+08
4.675399999999999778e+00,1.032926266782135218e+08
4.675399999999999778e+00,1.018560920965214372e+08
4.704600000000000115e+00,1.006845567452066243e+08
4.733900000000000219e+00,9.811399633081620932e+07
4.733900000000000219e+00,9.674838396218599379e+07
4.763499999999999623e+00,9.424779463699632883e+07
4.793199999999999683e+00,9.178688091024374962e+07
4.793300000000000338e+00,9.050582665175543725e+07
4.793300000000000338e+00,8.924704932985675335e+07
4.823199999999999932e+00,8.688768645886000991e+07
4.853299999999999947e+00,8.456336435017623007e+07
4.853299999999999947e+00,8.338538761947908998e+07
4.883600000000000385e+00,8.112685022437785566e+07
4.883600000000000385e+00,7.999745653256879747e+07
4.914100000000000357e+00,7.780137760660187900e+07
4.914100000000000357e+00,7.671986843388912082e+07
4.914100000000000357e+00,7.565081904427212477e+07
4.914200000000000124e+00,7.459330997374150157e+07
4.944700000000000095e+00,7.252755160065372288e+07
4.944700000000000095e+00,7.151773339177575707e+07
4.944899999999999629e+00,7.051607514974650741e+07
4.975699999999999790e+00,6.853086096094654500e+07
4.975699999999999790e+00,6.757685752602398396e+07
4.975799999999999557e+00,6.663420759729465097e+07
4.975799999999999557e+00,6.570446174077195674e+07
4.975799999999999557e+00,6.479166437642545253e+07
5.006800000000000139e+00,6.294220796969094127e+07
5.006899999999999906e+00,6.206376567764745653e+07
5.006899999999999906e+00,6.120031128966481239e+07
5.006899999999999906e+00,6.034878306726203859e+07
5.038100000000000023e+00,5.860097819695317745e+07
5.038100000000000023e+00,5.778590125954966992e+07
5.038199999999999790e+00,5.697973765019994229e+07
5.038199999999999790e+00,5.618584048519859463e+07
5.069499999999999673e+00,5.453952196185973287e+07
5.069499999999999673e+00,5.378112942313283682e+07
5.069499999999999673e+00,5.303198557390261441e+07
5.101300000000000168e+00,5.144777053501469642e+07
5.101300000000000168e+00,5.073122776990307122e+07
5.101300000000000168e+00,5.002378396053889394e+07
5.133200000000000429e+00,4.850883499746872485e+07
5.133200000000000429e+00,4.783326810010946542e+07
5.165199999999999569e+00,4.701880159343777597e+07
5.165199999999999569e+00,4.636573214232002199e+07
5.165199999999999569e+00,4.571925935232466459e+07
5.197499999999999787e+00,4.429125625568547845e+07
5.197499999999999787e+00,4.367342963084393740e+07
5.197499999999999787e+00,4.306640417077235878e+07
5.197499999999999787e+00,4.246585940956275165e+07
5.230000000000000426e+00,4.111817703323571384e+07
5.230000000000000426e+00,4.054547093063196540e+07
5.262599999999999945e+00,3.923818512153864652e+07
5.295499999999999652e+00,3.794753708604189008e+07
5.295499999999999652e+00,3.742077153303430974e+07
5.328599999999999781e+00,3.616953277813715488e+07
5.328599999999999781e+00,3.566520464998518676e+07
5.328599999999999781e+00,3.516888173021657765e+07
5.361799999999999677e+00,3.397263577729754150e+07
5.361799999999999677e+00,3.350014009272178262e+07
5.361799999999999677e+00,3.303352609716564044e+07
5.361799999999999677e+00,3.257475435363565385e+07
5.361799999999999677e+00,3.211990373611874506e+07
5.361799999999999677e+00,3.167289537062798813e+07
5.361799999999999677e+00,3.123372925716338307e+07
5.361799999999999677e+00,3.079848426971185580e+07
5.395400000000000418e+00,3.014783562296658754e+07
5.429100000000000037e+00,2.949237041435549036e+07
5.429100000000000037e+00,2.908121571827401966e+07
5.429100000000000037e+00,2.867569327830325067e+07
5.462999999999999190e+00,2.764281560705017671e+07
5.462999999999999190e+00,2.725740920169361681e+07
5.462999999999999190e+00,2.687750860212786123e+07
5.497099999999999653e+00,2.589016845880503207e+07
5.497099999999999653e+00,2.552983582757529616e+07
5.497099999999999653e+00,2.517308859566128254e+07
5.531399999999999650e+00,2.456954927048248425e+07
5.531399999999999650e+00,2.422835413391048089e+07
5.531399999999999650e+00,2.389065843463664874e+07
5.497099999999999653e+00,2.413690819341856614e+07
5.497099999999999653e+00,2.380167335739886388e+07
5.497099999999999653e+00,2.347002392069488019e+07
5.497099999999999653e+00,2.314375258296447620e+07
5.497099999999999653e+00,2.282106664454978704e+07
5.531600000000000072e+00,2.196106645162164792e+07
5.531600000000000072e+00,2.165490962623856962e+07
5.531600000000000072e+00,2.135400120357634500e+07
5.531600000000000072e+00,2.105659171606135368e+07
5.566099999999999604e+00,2.024777444260478392e+07
5.566099999999999604e+00,1.996627100621872023e+07
5.566200000000000259e+00,1.968672604038580135e+07
5.566200000000000259e+00,1.941206721087955311e+07
5.600900000000000212e+00,1.865125049342283234e+07
5.600900000000000212e+00,1.839195140448477119e+07
5.600900000000000212e+00,1.813597666284079105e+07
5.600999999999999979e+00,1.788196666648562253e+07
5.635900000000000354e+00,1.716408924159952998e+07
5.635900000000000354e+00,1.692464299711308256e+07
5.636000000000000121e+00,1.668874302501801774e+07
5.636000000000000121e+00,1.645578655006623454e+07
5.636000000000000121e+00,1.622768333500928059e+07
5.636000000000000121e+00,1.600119787325060181e+07
5.636000000000000121e+00,1.577859501940778643e+07
5.636000000000000121e+00,1.555890412150186859e+07
5.671199999999999797e+00,1.491866774910795689e+07
5.671199999999999797e+00,1.471102050774833560e+07
5.671199999999999797e+00,1.450620481967998110e+07
5.671199999999999797e+00,1.430437799341907538e+07
5.671199999999999797e+00,1.410522541193325445e+07
5.671199999999999797e+00,1.390890438373870403e+07
5.706699999999999662e+00,1.332155152918872982e+07
5.706699999999999662e+00,1.313606099096129835e+07
5.706699999999999662e+00,1.295316793144050986e+07
5.742300000000000182e+00,1.239354954811077192e+07
5.742300000000000182e+00,1.222112864131555706e+07
5.778200000000000003e+00,1.167837606235619448e+07
5.814300000000000246e+00,1.114601335188440792e+07
5.814300000000000246e+00,1.099082520281258412e+07
5.814300000000000246e+00,1.083786197344071418e+07
5.814300000000000246e+00,1.068698460628755204e+07
5.850600000000000023e+00,1.018628788816862553e+07
5.850600000000000023e+00,1.004448123335134611e+07
5.850600000000000023e+00,9.904690786896398291e+06
5.850600000000000023e+00,9.766782134912958369e+06
5.887199999999999989e+00,9.295333735791798681e+06
5.887199999999999989e+00,9.165862506244126707e+06
5.887199999999999989e+00,9.038337237060399726e+06
5.887199999999999989e+00,8.912498466858753935e+06
5.923999999999999488e+00,8.469573153585741296e+06
5.923999999999999488e+00,8.351676255206086673e+06
5.923999999999999488e+00,8.235404658712895587e+06
5.923999999999999488e+00,8.120758364106168039e+06
5.960899999999999643e+00,7.705668117538998835e+06
5.960899999999999643e+00,7.598354207143295556e+06
5.960899999999999643e+00,7.492604288715243340e+06
5.998199999999999754e+00,7.095974498649571091e+06
5.998199999999999754e+00,6.997181783930210397e+06
5.998199999999999754e+00,6.899775633627963252e+06
5.998300000000000409e+00,6.803005358120189048e+06
5.998300000000000409e+00,6.708267243661710992e+06
6.035700000000000287e+00,6.342257684626774862e+06
6.035700000000000287e+00,6.253972305626730435e+06
6.035700000000000287e+00,6.166905419937853701e+06
6.035800000000000054e+00,6.080358973559290171e+06
6.073400000000000354e+00,5.737345830517845228e+06
6.073500000000000121e+00,5.656861837334457785e+06
6.073500000000000121e+00,5.578017603408327326e+06
6.073500000000000121e+00,5.500445050674553961e+06
6.111399999999999721e+00,5.178519925229142420e+06
6.111399999999999721e+00,5.106479398729794659e+06
6.111399999999999721e+00,5.035349496863162145e+06
6.111399999999999721e+00,4.965332580658739433e+06
6.149600000000000399e+00,4.663471551026817411e+06
6.149600000000000399e+00,4.598612771240889095e+06
6.149600000000000399e+00,4.534621345122233033e+06
6.149600000000000399e+00,4.471497272670846432e+06
6.187999999999999723e+00,4.189393527383984067e+06
6.187999999999999723e+00,4.131065067929892335e+06
6.188100000000000378e+00,4.073005838579758536e+06
6.188100000000000378e+00,4.016333313705506269e+06
6.188100000000000378e+00,3.960393228571147192e+06
6.226700000000000124e+00,3.700663055361694191e+06
6.226700000000000124e+00,3.649128795488646720e+06
6.226700000000000124e+00,3.598375357734887861e+06
6.226799999999999891e+00,3.547722926871571224e+06
6.265600000000000058e+00,3.305481053791765589e+06
6.265600000000000058e+00,3.259499877189886756e+06
6.265699999999999825e+00,3.213611234578820411e+06
6.265699999999999825e+00,3.168866201323349494e+06
6.304800000000000182e+00,2.984257456506544258e+06
6.304800000000000182e+00,2.942736547444774304e+06
6.304800000000000182e+00,2.901755873259272892e+06
6.304800000000000182e+00,2.861392610360935330e+06
6.344199999999999839e+00,2.647606272764163557e+06
6.344199999999999839e+00,2.610745452391161118e+06
6.344199999999999839e+00,2.574391558820931241e+06
6.344199999999999839e+00,2.538544592053473461e+06
6.383799999999999919e+00,2.339971085075323936e+06
6.383799999999999919e+00,2.307409432239553891e+06
6.383899999999999686e+00,2.274855918708926067e+06
6.383899999999999686e+00,2.243247536857183557e+06
6.383899999999999686e+00,2.211977574511348270e+06
6.423700000000000188e+00,2.030432971605080646e+06
6.423799999999999955e+00,2.001835709260756616e+06
6.423799999999999955e+00,1.973929194716023980e+06
6.423799999999999955e+00,1.946463640897731762e+06
6.463899999999999757e+00,1.778133270223750034e+06
6.463899999999999757e+00,1.753389153036613250e+06
6.463899999999999757e+00,1.728995188451181166e+06
6.463899999999999757e+00,1.704893017700503115e+06
6.504299999999999748e+00,1.549172050130937016e+06
6.504299999999999748e+00,1.527607970982696628e+06
6.504299999999999748e+00,1.506312770626828540e+06
6.504299999999999748e+00,1.485340224821806652e+06
6.544900000000000162e+00,1.341909034143281635e+06
6.544999999999999929e+00,1.322941774877613643e+06
6.544999999999999929e+00,1.304519694908731850e+06
6.544999999999999929e+00,1.286343899431412574e+06
6.585700000000000109e+00,1.154895820353763644e+06
6.585899999999999643e+00,1.138252783799814759e+06
6.585899999999999643e+00,1.122429398115518503e+06
6.585899999999999643e+00,1.106785314252007520e+06
6.585899999999999643e+00,1.091365357664478011e+06
6.627000000000000668e+00,9.721846304672649130e+05
6.627000000000000668e+00,9.586595693802911555e+05
6.627000000000000668e+00,9.453369792676733341e+05
6.668400000000000105e+00,8.348632428606626345e+05
6.668400000000000105e+00,8.232215790484006284e+05
6.668400000000000105e+00,8.117612495634322986e+05
6.668400000000000105e+00,8.004822544057578780e+05
6.710099999999999731e+00,6.999509535799637670e+05
6.710099999999999731e+00,6.902066329305390827e+05
6.710099999999999731e+00,6.805909501774763921e+05
6.710099999999999731e+00,6.711039053207758116e+05
6.752000000000000668e+00,5.802718985765912803e+05
6.752000000000000668e+00,5.721788849265046883e+05
6.752100000000000435e+00,5.640419438030320453e+05
6.752100000000000435e+00,5.561770978676506784e+05
6.794200000000000017e+00,4.745927513108412386e+05
6.794200000000000017e+00,4.679822128854074981e+05
6.794299999999999784e+00,4.613030280892886803e+05
6.794299999999999784e+00,4.548655611575003131e+05
6.794299999999999784e+00,4.485500159479049034e+05
6.836700000000000443e+00,3.766247018042841228e+05
6.836700000000000443e+00,3.713715980192638235e+05
6.836700000000000443e+00,3.662015472585125826e+05
6.836700000000000443e+00,3.611145495220304001e+05
6.879400000000000404e+00,2.973609783643397968e+05
6.879500000000000171e+00,2.930860486504104338e+05
6.879500000000000171e+00,2.890132426996774157e+05
6.879500000000000171e+00,2.849750989272485022e+05
6.922399999999999665e+00,2.291961357574235590e+05
6.922399999999999665e+00,2.260016660268544802e+05
6.922399999999999665e+00,2.228496007617354335e+05
6.922399999999999665e+00,2.197540747838830866e+05
6.965700000000000003e+00,1.713422908911241102e+05
6.965700000000000003e+00,1.689616054403863964e+05
6.965700000000000003e+00,1.666144507706449658e+05
7.009199999999999875e+00,1.249231162564256956e+05
7.009199999999999875e+00,1.231808726458013552e+05
7.009199999999999875e+00,1.214726240324574756e+05
7.009299999999999642e+00,1.196996256304539711e+05
7.009299999999999642e+00,1.180350075927379949e+05
7.052999999999999936e+00,8.390973671498094336e+04
7.053099999999999703e+00,8.267218247636145679e+04
7.053099999999999703e+00,8.152200336694416183e+04
7.053099999999999703e+00,8.039017817948565062e+04
7.097100000000000186e+00,5.289016861767137016e+04
7.097100000000000186e+00,5.215133088364354626e+04
7.097100000000000186e+00,5.142882105534009315e+04
7.097199999999999953e+00,5.065812219747536437e+04
7.141499999999999737e+00,2.952834762202472848e+04
7.141499999999999737e+00,2.911856647135173262e+04
7.141499999999999737e+00,2.871360627539253619e+04
7.141499999999999737e+00,2.831346703414713920e+04
7.186099999999999710e+00,1.330107539121251284e+04
7.186099999999999710e+00,1.311617872932465070e+04
7.186099999999999710e+00,1.293357892037949568e+04
7.186099999999999710e+00,1.275327596437704597e+04
7.230999999999999872e+00,3.634589727015050357e+03
7.230999999999999872e+00,3.583809686084240184e+03
7.230999999999999872e+00,3.534025332230504773e+03
7.231099999999999639e+00,3.471409110701494683e+03
7.231099999999999639e+00,3.423139993543169112e+03
7.276200000000000223e+00,4.374294341961991250e+01
7.276200000000000223e+00,4.313450988395666741e+01
7.276299999999999990e+00,4.106292453042459556e+01
7.276299999999999990e+00,4.049127329240132411e+01
